[
  {
    "id_product": 1,
    "product_name": "T-SHIRT_1",
    "price": 10
  },
  {
    "id_product": 2,
    "product_name": "T-SHIRT_2",
    "price": 20
  },
  {
    "id_product": 3,
    "product_name": "T-SHIRT_3",
    "price": 30
  },
  {
    "id_product": 4,
    "product_name": "T-SHIRT_4",
    "price": 40
  },
  {
    "id_product": 5,
    "product_name": "T-SHIRT_5",
    "price": 50
  },
  {
    "id_product": 6,
    "product_name": "T-SHIRT_6",
    "price": 60
  },
  {
    "id_product": 7,
    "product_name": "T-SHIRT_7",
    "price": 70
  },
  {
    "id_product": 8,
    "product_name": "T-SHIRT_8",
    "price": 80
  },
  {
    "id_product": 9,
    "product_name": "T-SHIRT_9",
    "price": 90
  },
  {
    "id_product": 10,
    "product_name": "T-SHIRT_10",
    "price": 100
  },
  {
    "id_product": 11,
    "product_name": "T-SHIRT_3",
    "price": 30
  },
  {
    "id_product": 12,
    "product_name": "T-SHIRT_12",
    "price": 12
  },
  {
    "id_product": 13,
    "product_name": "T-SHIRT_8",
    "price": 80
  },
  {
    "id_product": 14,
    "product_name": "T-SHIRT_14",
    "price": 14
  },
  {
    "id_product": 15,
    "product_name": "T-SHIRT_6",
    "price": 60
  },
  {
    "id_product": 16,
    "product_name": "T-SHIRT_16",
    "price": 16
  },
  {
    "id_product": 17,
    "product_name": "T-SHIRT_17",
    "price": 17
  },
  {
    "id_product": 18,
    "product_name": "T-SHIRT_18",
    "price": 18
  },
  {
    "id_product": 19,
    "product_name": "T-SHIRT_19",
    "price": 19
  },
  {
    "id_product": 20,
    "product_name": "T-SHIRT_20",
    "price": 20
  },
  {
    "id_product": 21,
    "product_name": "T-SHIRT_21",
    "price": 21
  }
]